"Bison","Biomass"
0,1.764854791659
0,1.77575689343724
0,1.72761910326904
0,2.09622491569374
0,2.14839432510658
1,3.00556492504307
1,3.06627594216368
1,3.12882282639828
1,3.49713231228759
1,3.39199634153925
2,4.03833267697839
2,4.31050885442103
2,4.18284845737794
2,4.07172507496028
2,4.03501912721817
3,2.83054644620921
3,3.19564633148017
3,3.36117365182977
3,3.02458296047058
3,2.97404559474482
4,1.95671426817013
4,2.28929563347005
4,2.0819419603112
4,2.18218331439775
4,2.28607163331503
